label	taxon_requested	fungidb_dir	source_path	source_mtime	bytes	n_seqs	md5	first_header
Calbicans_SC5314	Candida albicans	CalbicansSC5314	/bigdata/stajichlab/shared/FungiDB/release-68/CalbicansSC5314/fasta/data/FungiDB-68_CalbicansSC5314_AnnotatedProteins.fasta.gz	2024-04-22 09:40:16	2496867	6212	8dad334aa5f9fb05dffa4c31193e776e	>C1_00010W_A-T-p1 | transcript=C1_00010W_A-T | gene=C1_00010W_A | organism=Candida_albicans_SC5314 | gene_prod
Scerevisiae_S288C	Saccharomyces cerevisiae	ScerevisiaeS288C	/bigdata/stajichlab/shared/FungiDB/release-68/ScerevisiaeS288C/fasta/data/FungiDB-68_ScerevisiaeS288C_AnnotatedProteins.fasta.gz	2024-04-22 09:27:38	2087996	5907	b627228de4f35148f7b3187486c31c35	>YAL001C-t26_1-p1 | transcript=YAL001C-t26_1 | gene=YAL001C | organism=Saccharomyces_cerevisiae_S288C | gene_p
Aniger_CBS513-88	Aspergillus niger	AnigerCBS513-88	/bigdata/stajichlab/shared/FungiDB/release-68/AnigerCBS513-88/fasta/data/FungiDB-68_AnigerCBS513-88_AnnotatedProteins.fasta.gz	2024-04-22 09:32:16	4811231	14057	1baafe64d616a136017e839c7c4c57c9	>An09g00010-T-p1 | transcript=An09g00010-T | gene=An09g00010 | organism=Aspergillus_niger_CBS_513.88 | gene_pr
Afumigatus_Af293	Aspergillus fumigatus	AfumigatusAf293	/bigdata/stajichlab/shared/FungiDB/release-68/AfumigatusAf293/fasta/data/FungiDB-68_AfumigatusAf293_AnnotatedProteins.fasta.gz	2024-04-22 09:30:41	3740679	9840	d91b110a8c05ba89cee874b09910f395	>Afu1g00100-T-p1 | transcript=Afu1g00100-T | gene=Afu1g00100 | organism=Aspergillus_fumigatus_Af293 | gene_pro
Prubens_Wisconsin54-1255	Penicillium chrysogenum (=P. rubens)	PrubensWisconsin54-1255	/bigdata/stajichlab/shared/FungiDB/release-68/PrubensWisconsin54-1255/fasta/data/FungiDB-68_PrubensWisconsin54-1255_AnnotatedProteins.fasta.gz	2024-04-22 09:29:57	3881697	12557	8533aa23fc1501d04a5ac04e30caedc7	>CAP74090:RNA-p1 | transcript=CAP74090:RNA | gene=PCH_Pc01g00010 | organism=Penicillium_rubens_Wisconsin_54-12
Bcinerea_B05-10	Botrytis cinerea	BcinereaB05-10	/bigdata/stajichlab/shared/FungiDB/release-68/BcinereaB05-10/fasta/data/FungiDB-68_BcinereaB05-10_AnnotatedProteins.fasta.gz	2024-04-22 09:36:30	4073083	13730	e985d1bd9202447ae947336d24a0da2a	>Bcin01g00010.1:RNA-p1 | transcript=Bcin01g00010.1:RNA | gene=Bcin01g00010 | organism=Botrytis_cinerea_B05.10 
Poryzae_70-15	Magnaporthe oryzae (=Pyricularia oryzae)	Poryzae70-15	/bigdata/stajichlab/shared/FungiDB/release-68/Poryzae70-15/fasta/data/FungiDB-68_Poryzae70-15_AnnotatedProteins.fasta.gz	2024-04-22 09:39:25	4022431	12989	82aff21a6d7d5d9d63c12997ffea300e	>MGG_01946-t26_1-p1 | transcript=MGG_01946-t26_1 | gene=MGG_01946 | organism=Pyricularia_oryzae_70-15 | gene_p
Ncrassa_OR74A	Neurospora crassa	NcrassaOR74A	/bigdata/stajichlab/shared/FungiDB/release-68/NcrassaOR74A/fasta/data/FungiDB-68_NcrassaOR74A_AnnotatedProteins.fasta.gz	2024-04-22 09:32:24	3583302	10813	d38a6f86b6ee59a6c74781d53c791213	>NCU00499-t26_1-p1 | transcript=NCU00499-t26_1 | gene=NCU00499 | organism=Neurospora_crassa_OR74A | gene_produ
Vdahliae_JR2	Verticillium dahliae	VdahliaeJR2	/bigdata/stajichlab/shared/FungiDB/release-68/VdahliaeJR2/fasta/data/FungiDB-68_VdahliaeJR2_AnnotatedProteins.fasta.gz	2024-04-22 09:30:20	3586337	11404	4fbbf56a471de4a09627dec7bfb7231f	>VDAG_JR2_Chr1g00010a-00001 | transcript=VDAG_JR2_Chr1g00010a-00001 | gene=VDAG_JR2_Chr1g00010a | organism=Ver
Fgraminearum_PH-1	Gibberella zeae (=Fusarium graminearum)	FgraminearumPH-1	/bigdata/stajichlab/shared/FungiDB/release-68/FgraminearumPH-1/fasta/data/FungiDB-68_FgraminearumPH-1_AnnotatedProteins.fasta.gz	2024-04-22 09:35:53	4654667	14143	6af92f4690c60af89d008afd7b6155ec	>FGRAMPH1_01T00001-p1 | transcript=FGRAMPH1_01T00001 | gene=FGRAMPH1_01G00001 | organism=Fusarium_graminearum_
Tvirens_Gv29-8	Trichoderma virens	TvirensGv29-8	/bigdata/stajichlab/shared/FungiDB/release-68/TvirensGv29-8/fasta/data/FungiDB-68_TvirensGv29-8_AnnotatedProteins.fasta.gz	2024-04-22 09:33:15	4079051	12406	3a892d9a135b050b5a3ca86d5c2080b2	>TRIVIDRAFT_10153-t45_1-p1 | transcript=TRIVIDRAFT_10153-t45_1 | gene=TRIVIDRAFT_10153 | organism=Trichoderma_
